<?xml version="1.0" encoding="UTF-8"?>
<project-private xmlns="http://www.netbeans.org/ns/project-private/1">
    <editor-bookmarks xmlns="http://www.netbeans.org/ns/editor-bookmarks/1"/>
    <editor-bookmarks xmlns="http://www.netbeans.org/ns/editor-bookmarks/2" lastBookmarkId="0"/>
    <open-files xmlns="http://www.netbeans.org/ns/projectui-open-files/2">
        <group>
            <file>file:/C:/Users/p-fs0103/Documents/NetBeansProjects/CDRDomestic/src/CDR_feed/testCDR.java</file>
            <file>file:/C:/Users/p-fs0103/Documents/NetBeansProjects/CDRDomestic/src/CDR_feed/CDR_Feed.java</file>
            <file>file:/C:/Users/p-fs0103/Documents/NetBeansProjects/CDRDomestic/src/config/config.properties</file>
            <file>file:/C:/Users/p-fs0103/Documents/NetBeansProjects/CDRDomestic/src/CDR_feed/LoadCDRFileData.java</file>
        </group>
    </open-files>
</project-private>
