-- phpMyAdmin SQL Dump
-- version 4.6.5.2
-- https://www.phpmyadmin.net/
--
-- Host: 127.0.0.1
-- Generation Time: Sep 05, 2017 at 09:26 AM
-- Server version: 10.1.21-MariaDB
-- PHP Version: 5.6.30

SET SQL_MODE = "NO_AUTO_VALUE_ON_ZERO";
SET time_zone = "+00:00";


/*!40101 SET @OLD_CHARACTER_SET_CLIENT=@@CHARACTER_SET_CLIENT */;
/*!40101 SET @OLD_CHARACTER_SET_RESULTS=@@CHARACTER_SET_RESULTS */;
/*!40101 SET @OLD_COLLATION_CONNECTION=@@COLLATION_CONNECTION */;
/*!40101 SET NAMES utf8mb4 */;

--
-- Database: `pos`
--

-- --------------------------------------------------------

--
-- Table structure for table `ospos_app_config`
--

CREATE TABLE `ospos_app_config` (
  `key` varchar(255) NOT NULL,
  `value` varchar(255) NOT NULL
) ENGINE=InnoDB DEFAULT CHARSET=utf8;

--
-- Dumping data for table `ospos_app_config`
--

INSERT INTO `ospos_app_config` (`key`, `value`) VALUES
('address', '123 Nowhere street'),
('barcode_content', 'id'),
('barcode_first_row', 'category'),
('barcode_font', 'Arial'),
('barcode_font_size', '10'),
('barcode_generate_if_empty', '0'),
('barcode_height', '50'),
('barcode_num_in_row', '2'),
('barcode_page_cellspacing', '20'),
('barcode_page_width', '100'),
('barcode_quality', '100'),
('barcode_second_row', 'item_code'),
('barcode_third_row', 'unit_price'),
('barcode_type', 'Code39'),
('barcode_width', '250'),
('company', 'Open Source Point of Sale'),
('company_logo', ''),
('country_codes', 'us'),
('currency_decimals', '2'),
('currency_symbol', '$'),
('dateformat', 'm/d/Y'),
('decimal_point', '.'),
('default_sales_discount', '0'),
('default_tax_rate', '8'),
('email', 'admin@pappastech.com'),
('fax', ''),
('invoice_default_comments', 'This is a default comment'),
('invoice_email_message', 'Dear $CU, In attachment the receipt for sale $INV'),
('invoice_enable', '1'),
('lines_per_page', '25'),
('msg_msg', ''),
('msg_pwd', ''),
('msg_src', ''),
('msg_uid', ''),
('notify_horizontal_position', 'right'),
('notify_vertical_position', 'top'),
('payment_options_order', 'cashdebitcredit'),
('phone', '555-555-5555'),
('print_bottom_margin', '0'),
('print_footer', '0'),
('print_header', '0'),
('print_left_margin', '0'),
('print_right_margin', '0'),
('print_silently', '1'),
('print_top_margin', '0'),
('quantity_decimals', '0'),
('receipt_show_description', '1'),
('receipt_show_serialnumber', '1'),
('receipt_show_taxes', '0'),
('receipt_show_total_discount', '1'),
('recv_invoice_format', '$CO'),
('return_policy', 'Test'),
('sales_invoice_format', '$CO'),
('tax_decimals', '2'),
('tax_included', '0'),
('timeformat', 'H:i:s'),
('timezone', 'America/New_York'),
('website', '');

-- --------------------------------------------------------

--
-- Table structure for table `ospos_customers`
--

CREATE TABLE `ospos_customers` (
  `person_id` int(10) NOT NULL,
  `company_name` varchar(255) DEFAULT NULL,
  `account_number` varchar(255) DEFAULT NULL,
  `taxable` int(1) NOT NULL DEFAULT '1',
  `discount_percent` decimal(15,2) NOT NULL DEFAULT '0.00',
  `deleted` int(1) NOT NULL DEFAULT '0'
) ENGINE=InnoDB DEFAULT CHARSET=utf8;

-- --------------------------------------------------------

--
-- Table structure for table `ospos_employees`
--

CREATE TABLE `ospos_employees` (
  `username` varchar(255) NOT NULL,
  `password` varchar(255) NOT NULL,
  `person_id` int(10) NOT NULL,
  `deleted` int(1) NOT NULL DEFAULT '0'
) ENGINE=InnoDB DEFAULT CHARSET=utf8;

--
-- Dumping data for table `ospos_employees`
--

INSERT INTO `ospos_employees` (`username`, `password`, `person_id`, `deleted`) VALUES
('admin', '439a6de57d475c1a0ba9bcb1c39f0af6', 1, 0),
('admin2', '25d55ad283aa400af464c76d713c07ad', 2, 0);

-- --------------------------------------------------------

--
-- Table structure for table `ospos_giftcards`
--

CREATE TABLE `ospos_giftcards` (
  `record_time` timestamp NOT NULL DEFAULT CURRENT_TIMESTAMP,
  `giftcard_id` int(11) NOT NULL,
  `giftcard_number` int(10) NOT NULL,
  `value` decimal(15,2) NOT NULL,
  `deleted` int(1) NOT NULL DEFAULT '0',
  `person_id` int(10) DEFAULT NULL
) ENGINE=InnoDB DEFAULT CHARSET=utf8;

-- --------------------------------------------------------

--
-- Table structure for table `ospos_grants`
--

CREATE TABLE `ospos_grants` (
  `permission_id` varchar(255) NOT NULL,
  `person_id` int(10) NOT NULL
) ENGINE=InnoDB DEFAULT CHARSET=utf8;

--
-- Dumping data for table `ospos_grants`
--

INSERT INTO `ospos_grants` (`permission_id`, `person_id`) VALUES
('config', 1),
('customers', 1),
('employees', 1),
('giftcards', 1),
('items', 1),
('items_stock', 1),
('item_kits', 1),
('messages', 1),
('receivings', 1),
('receivings', 2),
('receivings_stock', 1),
('receivings_stock', 2),
('reports', 1),
('reports', 2),
('reports_categories', 1),
('reports_categories', 2),
('reports_customers', 1),
('reports_customers', 2),
('reports_discounts', 1),
('reports_discounts', 2),
('reports_employees', 1),
('reports_employees', 2),
('reports_inventory', 1),
('reports_items', 1),
('reports_payments', 1),
('reports_receivings', 1),
('reports_sales', 1),
('reports_suppliers', 1),
('reports_taxes', 1),
('sales', 1),
('sales', 2),
('sales_stock', 1),
('sales_stock', 2),
('suppliers', 1);

-- --------------------------------------------------------

--
-- Table structure for table `ospos_inventory`
--

CREATE TABLE `ospos_inventory` (
  `trans_id` int(11) NOT NULL,
  `trans_items` int(11) NOT NULL DEFAULT '0',
  `trans_user` int(11) NOT NULL DEFAULT '0',
  `trans_date` timestamp NOT NULL DEFAULT CURRENT_TIMESTAMP,
  `trans_comment` text NOT NULL,
  `trans_location` int(11) NOT NULL,
  `trans_inventory` int(11) NOT NULL DEFAULT '0'
) ENGINE=InnoDB DEFAULT CHARSET=utf8;

--
-- Dumping data for table `ospos_inventory`
--

INSERT INTO `ospos_inventory` (`trans_id`, `trans_items`, `trans_user`, `trans_date`, `trans_comment`, `trans_location`, `trans_inventory`) VALUES
(1, 1, 1, '2017-09-03 09:42:19', 'Manual Edit of Quantity', 1, 10);

-- --------------------------------------------------------

--
-- Table structure for table `ospos_items`
--

CREATE TABLE `ospos_items` (
  `name` varchar(255) NOT NULL,
  `category` varchar(255) NOT NULL,
  `supplier_id` int(11) DEFAULT NULL,
  `item_number` varchar(255) DEFAULT NULL,
  `description` varchar(255) NOT NULL,
  `cost_price` decimal(15,2) NOT NULL,
  `unit_price` decimal(15,2) NOT NULL,
  `reorder_level` decimal(15,3) NOT NULL DEFAULT '0.000',
  `receiving_quantity` decimal(15,3) NOT NULL DEFAULT '1.000',
  `item_id` int(10) NOT NULL,
  `pic_id` int(10) DEFAULT NULL,
  `allow_alt_description` tinyint(1) NOT NULL,
  `is_serialized` tinyint(1) NOT NULL,
  `deleted` int(1) NOT NULL DEFAULT '0',
  `custom1` varchar(25) NOT NULL,
  `custom2` varchar(25) NOT NULL,
  `custom3` varchar(25) NOT NULL,
  `custom4` varchar(25) NOT NULL,
  `custom5` varchar(25) NOT NULL,
  `custom6` varchar(25) NOT NULL,
  `custom7` varchar(25) NOT NULL,
  `custom8` varchar(25) NOT NULL,
  `custom9` varchar(25) NOT NULL,
  `custom10` varchar(25) NOT NULL
) ENGINE=InnoDB DEFAULT CHARSET=utf8;

--
-- Dumping data for table `ospos_items`
--

INSERT INTO `ospos_items` (`name`, `category`, `supplier_id`, `item_number`, `description`, `cost_price`, `unit_price`, `reorder_level`, `receiving_quantity`, `item_id`, `pic_id`, `allow_alt_description`, `is_serialized`, `deleted`, `custom1`, `custom2`, `custom3`, `custom4`, `custom5`, `custom6`, `custom7`, `custom8`, `custom9`, `custom10`) VALUES
('SDSJF', 'CAT1', NULL, '097SFD09FD7', 'TEST', '1000.00', '1200.00', '10.000', '10.000', 1, 1, 1, 1, 0, '', '', '', '', '', '', '', '', '', '');

-- --------------------------------------------------------

--
-- Table structure for table `ospos_items_taxes`
--

CREATE TABLE `ospos_items_taxes` (
  `item_id` int(10) NOT NULL,
  `name` varchar(255) NOT NULL,
  `percent` decimal(15,3) NOT NULL
) ENGINE=InnoDB DEFAULT CHARSET=utf8;

--
-- Dumping data for table `ospos_items_taxes`
--

INSERT INTO `ospos_items_taxes` (`item_id`, `name`, `percent`) VALUES
(1, '0', '0.000'),
(1, '100', '10.000');

-- --------------------------------------------------------

--
-- Table structure for table `ospos_item_kits`
--

CREATE TABLE `ospos_item_kits` (
  `item_kit_id` int(11) NOT NULL,
  `name` varchar(255) NOT NULL,
  `description` varchar(255) NOT NULL
) ENGINE=InnoDB DEFAULT CHARSET=utf8;

-- --------------------------------------------------------

--
-- Table structure for table `ospos_item_kit_items`
--

CREATE TABLE `ospos_item_kit_items` (
  `item_kit_id` int(11) NOT NULL,
  `item_id` int(11) NOT NULL,
  `quantity` decimal(15,3) NOT NULL
) ENGINE=InnoDB DEFAULT CHARSET=utf8;

-- --------------------------------------------------------

--
-- Table structure for table `ospos_item_quantities`
--

CREATE TABLE `ospos_item_quantities` (
  `item_id` int(11) NOT NULL,
  `location_id` int(11) NOT NULL,
  `quantity` decimal(15,3) NOT NULL DEFAULT '0.000'
) ENGINE=InnoDB DEFAULT CHARSET=utf8;

--
-- Dumping data for table `ospos_item_quantities`
--

INSERT INTO `ospos_item_quantities` (`item_id`, `location_id`, `quantity`) VALUES
(1, 1, '10.000');

-- --------------------------------------------------------

--
-- Table structure for table `ospos_modules`
--

CREATE TABLE `ospos_modules` (
  `name_lang_key` varchar(255) NOT NULL,
  `desc_lang_key` varchar(255) NOT NULL,
  `sort` int(10) NOT NULL,
  `module_id` varchar(255) NOT NULL
) ENGINE=InnoDB DEFAULT CHARSET=utf8;

--
-- Dumping data for table `ospos_modules`
--

INSERT INTO `ospos_modules` (`name_lang_key`, `desc_lang_key`, `sort`, `module_id`) VALUES
('module_config', 'module_config_desc', 110, 'config'),
('module_customers', 'module_customers_desc', 10, 'customers'),
('module_employees', 'module_employees_desc', 80, 'employees'),
('module_giftcards', 'module_giftcards_desc', 90, 'giftcards'),
('module_items', 'module_items_desc', 20, 'items'),
('module_item_kits', 'module_item_kits_desc', 30, 'item_kits'),
('module_messages', 'module_messages_desc', 100, 'messages'),
('module_receivings', 'module_receivings_desc', 60, 'receivings'),
('module_reports', 'module_reports_desc', 50, 'reports'),
('module_sales', 'module_sales_desc', 70, 'sales'),
('module_suppliers', 'module_suppliers_desc', 40, 'suppliers');

-- --------------------------------------------------------

--
-- Table structure for table `ospos_people`
--

CREATE TABLE `ospos_people` (
  `first_name` varchar(255) NOT NULL,
  `last_name` varchar(255) NOT NULL,
  `gender` int(1) DEFAULT NULL,
  `phone_number` varchar(255) NOT NULL,
  `email` varchar(255) NOT NULL,
  `address_1` varchar(255) NOT NULL,
  `address_2` varchar(255) NOT NULL,
  `city` varchar(255) NOT NULL,
  `state` varchar(255) NOT NULL,
  `zip` varchar(255) NOT NULL,
  `country` varchar(255) NOT NULL,
  `comments` text NOT NULL,
  `person_id` int(10) NOT NULL
) ENGINE=InnoDB DEFAULT CHARSET=utf8;

--
-- Dumping data for table `ospos_people`
--

INSERT INTO `ospos_people` (`first_name`, `last_name`, `gender`, `phone_number`, `email`, `address_1`, `address_2`, `city`, `state`, `zip`, `country`, `comments`, `person_id`) VALUES
('John', 'Doe', NULL, '555-555-5555', 'admin@pappastech.com', 'Address 1', '', '', '', '', '', '', 1),
('Deb', 'Sinha', 1, '9821504876', 'debumcs@gmail.com', 'Address 1', 'Address 2', '', '', '', '', '', 2);

-- --------------------------------------------------------

--
-- Table structure for table `ospos_permissions`
--

CREATE TABLE `ospos_permissions` (
  `permission_id` varchar(255) NOT NULL,
  `module_id` varchar(255) NOT NULL,
  `location_id` int(10) DEFAULT NULL
) ENGINE=InnoDB DEFAULT CHARSET=utf8;

--
-- Dumping data for table `ospos_permissions`
--

INSERT INTO `ospos_permissions` (`permission_id`, `module_id`, `location_id`) VALUES
('config', 'config', NULL),
('customers', 'customers', NULL),
('employees', 'employees', NULL),
('giftcards', 'giftcards', NULL),
('items', 'items', NULL),
('items_stock', 'items', 1),
('item_kits', 'item_kits', NULL),
('messages', 'messages', NULL),
('receivings', 'receivings', NULL),
('receivings_stock', 'receivings', 1),
('reports', 'reports', NULL),
('reports_categories', 'reports', NULL),
('reports_customers', 'reports', NULL),
('reports_discounts', 'reports', NULL),
('reports_employees', 'reports', NULL),
('reports_inventory', 'reports', NULL),
('reports_items', 'reports', NULL),
('reports_payments', 'reports', NULL),
('reports_receivings', 'reports', NULL),
('reports_sales', 'reports', NULL),
('reports_suppliers', 'reports', NULL),
('reports_taxes', 'reports', NULL),
('sales', 'sales', NULL),
('sales_stock', 'sales', 1),
('suppliers', 'suppliers', NULL);

-- --------------------------------------------------------

--
-- Table structure for table `ospos_receivings`
--

CREATE TABLE `ospos_receivings` (
  `receiving_time` timestamp NOT NULL DEFAULT CURRENT_TIMESTAMP,
  `supplier_id` int(10) DEFAULT NULL,
  `employee_id` int(10) NOT NULL DEFAULT '0',
  `comment` text NOT NULL,
  `receiving_id` int(10) NOT NULL,
  `payment_type` varchar(20) DEFAULT NULL,
  `invoice_number` varchar(32) DEFAULT NULL
) ENGINE=InnoDB DEFAULT CHARSET=utf8;

-- --------------------------------------------------------

--
-- Table structure for table `ospos_receivings_items`
--

CREATE TABLE `ospos_receivings_items` (
  `receiving_id` int(10) NOT NULL DEFAULT '0',
  `item_id` int(10) NOT NULL DEFAULT '0',
  `description` varchar(30) DEFAULT NULL,
  `serialnumber` varchar(30) DEFAULT NULL,
  `line` int(3) NOT NULL,
  `quantity_purchased` decimal(15,3) NOT NULL DEFAULT '0.000',
  `item_cost_price` decimal(15,2) NOT NULL,
  `item_unit_price` decimal(15,2) NOT NULL,
  `discount_percent` decimal(15,2) NOT NULL DEFAULT '0.00',
  `item_location` int(11) NOT NULL,
  `receiving_quantity` decimal(15,3) NOT NULL DEFAULT '1.000'
) ENGINE=InnoDB DEFAULT CHARSET=utf8;

-- --------------------------------------------------------

--
-- Table structure for table `ospos_sales`
--

CREATE TABLE `ospos_sales` (
  `sale_time` timestamp NOT NULL DEFAULT CURRENT_TIMESTAMP,
  `customer_id` int(10) DEFAULT NULL,
  `employee_id` int(10) NOT NULL DEFAULT '0',
  `comment` text NOT NULL,
  `invoice_number` varchar(32) DEFAULT NULL,
  `sale_id` int(10) NOT NULL
) ENGINE=InnoDB DEFAULT CHARSET=utf8;

-- --------------------------------------------------------

--
-- Table structure for table `ospos_sales_items`
--

CREATE TABLE `ospos_sales_items` (
  `sale_id` int(10) NOT NULL DEFAULT '0',
  `item_id` int(10) NOT NULL DEFAULT '0',
  `description` varchar(30) DEFAULT NULL,
  `serialnumber` varchar(30) DEFAULT NULL,
  `line` int(3) NOT NULL DEFAULT '0',
  `quantity_purchased` decimal(15,3) NOT NULL DEFAULT '0.000',
  `item_cost_price` decimal(15,2) NOT NULL,
  `item_unit_price` decimal(15,2) NOT NULL,
  `discount_percent` decimal(15,2) NOT NULL DEFAULT '0.00',
  `item_location` int(11) NOT NULL
) ENGINE=InnoDB DEFAULT CHARSET=utf8;

-- --------------------------------------------------------

--
-- Table structure for table `ospos_sales_items_taxes`
--

CREATE TABLE `ospos_sales_items_taxes` (
  `sale_id` int(10) NOT NULL,
  `item_id` int(10) NOT NULL,
  `line` int(3) NOT NULL DEFAULT '0',
  `name` varchar(255) NOT NULL,
  `percent` decimal(15,3) NOT NULL
) ENGINE=InnoDB DEFAULT CHARSET=utf8;

-- --------------------------------------------------------

--
-- Table structure for table `ospos_sales_payments`
--

CREATE TABLE `ospos_sales_payments` (
  `sale_id` int(10) NOT NULL,
  `payment_type` varchar(40) NOT NULL,
  `payment_amount` decimal(15,2) NOT NULL
) ENGINE=InnoDB DEFAULT CHARSET=utf8;

-- --------------------------------------------------------

--
-- Table structure for table `ospos_sales_suspended`
--

CREATE TABLE `ospos_sales_suspended` (
  `sale_time` timestamp NOT NULL DEFAULT CURRENT_TIMESTAMP,
  `customer_id` int(10) DEFAULT NULL,
  `employee_id` int(10) NOT NULL DEFAULT '0',
  `comment` text NOT NULL,
  `invoice_number` varchar(32) DEFAULT NULL,
  `sale_id` int(10) NOT NULL
) ENGINE=InnoDB DEFAULT CHARSET=utf8;

-- --------------------------------------------------------

--
-- Table structure for table `ospos_sales_suspended_items`
--

CREATE TABLE `ospos_sales_suspended_items` (
  `sale_id` int(10) NOT NULL DEFAULT '0',
  `item_id` int(10) NOT NULL DEFAULT '0',
  `description` varchar(30) DEFAULT NULL,
  `serialnumber` varchar(30) DEFAULT NULL,
  `line` int(3) NOT NULL DEFAULT '0',
  `quantity_purchased` decimal(15,3) NOT NULL DEFAULT '0.000',
  `item_cost_price` decimal(15,2) NOT NULL,
  `item_unit_price` decimal(15,2) NOT NULL,
  `discount_percent` decimal(15,2) NOT NULL DEFAULT '0.00',
  `item_location` int(11) NOT NULL
) ENGINE=InnoDB DEFAULT CHARSET=utf8;

-- --------------------------------------------------------

--
-- Table structure for table `ospos_sales_suspended_items_taxes`
--

CREATE TABLE `ospos_sales_suspended_items_taxes` (
  `sale_id` int(10) NOT NULL,
  `item_id` int(10) NOT NULL,
  `line` int(3) NOT NULL DEFAULT '0',
  `name` varchar(255) NOT NULL,
  `percent` decimal(15,3) NOT NULL
) ENGINE=InnoDB DEFAULT CHARSET=utf8;

-- --------------------------------------------------------

--
-- Table structure for table `ospos_sales_suspended_payments`
--

CREATE TABLE `ospos_sales_suspended_payments` (
  `sale_id` int(10) NOT NULL,
  `payment_type` varchar(40) NOT NULL,
  `payment_amount` decimal(15,2) NOT NULL
) ENGINE=InnoDB DEFAULT CHARSET=utf8;

-- --------------------------------------------------------

--
-- Table structure for table `ospos_sessions`
--

CREATE TABLE `ospos_sessions` (
  `id` varchar(40) NOT NULL DEFAULT '0',
  `ip_address` varchar(45) NOT NULL DEFAULT '0',
  `data` blob NOT NULL,
  `timestamp` int(10) UNSIGNED NOT NULL DEFAULT '0'
) ENGINE=InnoDB DEFAULT CHARSET=utf8;

--
-- Dumping data for table `ospos_sessions`
--

INSERT INTO `ospos_sessions` (`id`, `ip_address`, `data`, `timestamp`) VALUES
('1e5bec15662f2e220c650e1f327c2bf0a93854d9', '::1', 0x5f5f63695f6c6173745f726567656e65726174657c693a313530343434313231323b706572736f6e5f69647c733a313a2232223b, 1504441234),
('44f2af83f788c27097057b046597e0bcf9a308af', '::1', 0x5f5f63695f6c6173745f726567656e65726174657c693a313530343434303633373b706572736f6e5f69647c733a313a2231223b, 1504440933),
('5e354744390b71e65aa9bda8a8b03a1a10bd3cd0', '::1', 0x5f5f63695f6c6173745f726567656e65726174657c693a313530343530343233363b706572736f6e5f69647c733a313a2231223b6974656d5f6c6f636174696f6e7c733a313a2231223b, 1504504416),
('786fe0e2986e33c8052ad15d1dd70128b51d42a6', '::1', 0x5f5f63695f6c6173745f726567656e65726174657c693a313530343436353736393b706572736f6e5f69647c733a313a2231223b6974656d5f6c6f636174696f6e7c733a313a2231223b, 1504465995),
('8573dbf040d62c116f3a63468f53e6cdd0f3b054', '::1', 0x5f5f63695f6c6173745f726567656e65726174657c693a313530343433313030333b706572736f6e5f69647c733a313a2231223b, 1504431211),
('f525267a9c8ae9ae8c8b5c2e083dc74aad0db8fc', '::1', 0x5f5f63695f6c6173745f726567656e65726174657c693a313530343434333130333b706572736f6e5f69647c733a313a2232223b, 1504443103);

-- --------------------------------------------------------

--
-- Table structure for table `ospos_stock_locations`
--

CREATE TABLE `ospos_stock_locations` (
  `location_id` int(11) NOT NULL,
  `location_name` varchar(255) DEFAULT NULL,
  `deleted` int(1) NOT NULL DEFAULT '0'
) ENGINE=InnoDB DEFAULT CHARSET=utf8;

--
-- Dumping data for table `ospos_stock_locations`
--

INSERT INTO `ospos_stock_locations` (`location_id`, `location_name`, `deleted`) VALUES
(1, 'stock', 0);

-- --------------------------------------------------------

--
-- Table structure for table `ospos_suppliers`
--

CREATE TABLE `ospos_suppliers` (
  `person_id` int(10) NOT NULL,
  `company_name` varchar(255) NOT NULL,
  `agency_name` varchar(255) NOT NULL,
  `account_number` varchar(255) DEFAULT NULL,
  `deleted` int(1) NOT NULL DEFAULT '0'
) ENGINE=InnoDB DEFAULT CHARSET=utf8;

--
-- Indexes for dumped tables
--

--
-- Indexes for table `ospos_app_config`
--
ALTER TABLE `ospos_app_config`
  ADD PRIMARY KEY (`key`);

--
-- Indexes for table `ospos_customers`
--
ALTER TABLE `ospos_customers`
  ADD UNIQUE KEY `account_number` (`account_number`),
  ADD KEY `person_id` (`person_id`);

--
-- Indexes for table `ospos_employees`
--
ALTER TABLE `ospos_employees`
  ADD UNIQUE KEY `username` (`username`),
  ADD KEY `person_id` (`person_id`);

--
-- Indexes for table `ospos_giftcards`
--
ALTER TABLE `ospos_giftcards`
  ADD PRIMARY KEY (`giftcard_id`),
  ADD UNIQUE KEY `giftcard_number` (`giftcard_number`),
  ADD KEY `person_id` (`person_id`);

--
-- Indexes for table `ospos_grants`
--
ALTER TABLE `ospos_grants`
  ADD PRIMARY KEY (`permission_id`,`person_id`),
  ADD KEY `ospos_grants_ibfk_2` (`person_id`);

--
-- Indexes for table `ospos_inventory`
--
ALTER TABLE `ospos_inventory`
  ADD PRIMARY KEY (`trans_id`),
  ADD KEY `trans_items` (`trans_items`),
  ADD KEY `trans_user` (`trans_user`),
  ADD KEY `trans_location` (`trans_location`);

--
-- Indexes for table `ospos_items`
--
ALTER TABLE `ospos_items`
  ADD PRIMARY KEY (`item_id`),
  ADD UNIQUE KEY `item_number` (`item_number`),
  ADD KEY `supplier_id` (`supplier_id`);

--
-- Indexes for table `ospos_items_taxes`
--
ALTER TABLE `ospos_items_taxes`
  ADD PRIMARY KEY (`item_id`,`name`,`percent`);

--
-- Indexes for table `ospos_item_kits`
--
ALTER TABLE `ospos_item_kits`
  ADD PRIMARY KEY (`item_kit_id`);

--
-- Indexes for table `ospos_item_kit_items`
--
ALTER TABLE `ospos_item_kit_items`
  ADD PRIMARY KEY (`item_kit_id`,`item_id`,`quantity`),
  ADD KEY `ospos_item_kit_items_ibfk_2` (`item_id`);

--
-- Indexes for table `ospos_item_quantities`
--
ALTER TABLE `ospos_item_quantities`
  ADD PRIMARY KEY (`item_id`,`location_id`),
  ADD KEY `item_id` (`item_id`),
  ADD KEY `location_id` (`location_id`);

--
-- Indexes for table `ospos_modules`
--
ALTER TABLE `ospos_modules`
  ADD PRIMARY KEY (`module_id`),
  ADD UNIQUE KEY `desc_lang_key` (`desc_lang_key`),
  ADD UNIQUE KEY `name_lang_key` (`name_lang_key`);

--
-- Indexes for table `ospos_people`
--
ALTER TABLE `ospos_people`
  ADD PRIMARY KEY (`person_id`);

--
-- Indexes for table `ospos_permissions`
--
ALTER TABLE `ospos_permissions`
  ADD PRIMARY KEY (`permission_id`),
  ADD KEY `module_id` (`module_id`),
  ADD KEY `ospos_permissions_ibfk_2` (`location_id`);

--
-- Indexes for table `ospos_receivings`
--
ALTER TABLE `ospos_receivings`
  ADD PRIMARY KEY (`receiving_id`),
  ADD UNIQUE KEY `invoice_number` (`invoice_number`),
  ADD KEY `supplier_id` (`supplier_id`),
  ADD KEY `employee_id` (`employee_id`);

--
-- Indexes for table `ospos_receivings_items`
--
ALTER TABLE `ospos_receivings_items`
  ADD PRIMARY KEY (`receiving_id`,`item_id`,`line`),
  ADD KEY `item_id` (`item_id`);

--
-- Indexes for table `ospos_sales`
--
ALTER TABLE `ospos_sales`
  ADD PRIMARY KEY (`sale_id`),
  ADD UNIQUE KEY `invoice_number` (`invoice_number`),
  ADD KEY `customer_id` (`customer_id`),
  ADD KEY `employee_id` (`employee_id`),
  ADD KEY `sale_time` (`sale_time`);

--
-- Indexes for table `ospos_sales_items`
--
ALTER TABLE `ospos_sales_items`
  ADD PRIMARY KEY (`sale_id`,`item_id`,`line`),
  ADD KEY `sale_id` (`sale_id`),
  ADD KEY `item_id` (`item_id`),
  ADD KEY `item_location` (`item_location`);

--
-- Indexes for table `ospos_sales_items_taxes`
--
ALTER TABLE `ospos_sales_items_taxes`
  ADD PRIMARY KEY (`sale_id`,`item_id`,`line`,`name`,`percent`),
  ADD KEY `sale_id` (`sale_id`),
  ADD KEY `item_id` (`item_id`);

--
-- Indexes for table `ospos_sales_payments`
--
ALTER TABLE `ospos_sales_payments`
  ADD PRIMARY KEY (`sale_id`,`payment_type`),
  ADD KEY `sale_id` (`sale_id`);

--
-- Indexes for table `ospos_sales_suspended`
--
ALTER TABLE `ospos_sales_suspended`
  ADD PRIMARY KEY (`sale_id`),
  ADD KEY `customer_id` (`customer_id`),
  ADD KEY `employee_id` (`employee_id`);

--
-- Indexes for table `ospos_sales_suspended_items`
--
ALTER TABLE `ospos_sales_suspended_items`
  ADD PRIMARY KEY (`sale_id`,`item_id`,`line`),
  ADD KEY `sale_id` (`sale_id`),
  ADD KEY `item_id` (`item_id`),
  ADD KEY `ospos_sales_suspended_items_ibfk_3` (`item_location`);

--
-- Indexes for table `ospos_sales_suspended_items_taxes`
--
ALTER TABLE `ospos_sales_suspended_items_taxes`
  ADD PRIMARY KEY (`sale_id`,`item_id`,`line`,`name`,`percent`),
  ADD KEY `item_id` (`item_id`);

--
-- Indexes for table `ospos_sales_suspended_payments`
--
ALTER TABLE `ospos_sales_suspended_payments`
  ADD PRIMARY KEY (`sale_id`,`payment_type`);

--
-- Indexes for table `ospos_sessions`
--
ALTER TABLE `ospos_sessions`
  ADD PRIMARY KEY (`id`);

--
-- Indexes for table `ospos_stock_locations`
--
ALTER TABLE `ospos_stock_locations`
  ADD PRIMARY KEY (`location_id`);

--
-- Indexes for table `ospos_suppliers`
--
ALTER TABLE `ospos_suppliers`
  ADD UNIQUE KEY `account_number` (`account_number`),
  ADD KEY `person_id` (`person_id`);

--
-- AUTO_INCREMENT for dumped tables
--

--
-- AUTO_INCREMENT for table `ospos_giftcards`
--
ALTER TABLE `ospos_giftcards`
  MODIFY `giftcard_id` int(11) NOT NULL AUTO_INCREMENT;
--
-- AUTO_INCREMENT for table `ospos_inventory`
--
ALTER TABLE `ospos_inventory`
  MODIFY `trans_id` int(11) NOT NULL AUTO_INCREMENT, AUTO_INCREMENT=2;
--
-- AUTO_INCREMENT for table `ospos_items`
--
ALTER TABLE `ospos_items`
  MODIFY `item_id` int(10) NOT NULL AUTO_INCREMENT, AUTO_INCREMENT=2;
--
-- AUTO_INCREMENT for table `ospos_item_kits`
--
ALTER TABLE `ospos_item_kits`
  MODIFY `item_kit_id` int(11) NOT NULL AUTO_INCREMENT;
--
-- AUTO_INCREMENT for table `ospos_people`
--
ALTER TABLE `ospos_people`
  MODIFY `person_id` int(10) NOT NULL AUTO_INCREMENT, AUTO_INCREMENT=3;
--
-- AUTO_INCREMENT for table `ospos_receivings`
--
ALTER TABLE `ospos_receivings`
  MODIFY `receiving_id` int(10) NOT NULL AUTO_INCREMENT;
--
-- AUTO_INCREMENT for table `ospos_sales`
--
ALTER TABLE `ospos_sales`
  MODIFY `sale_id` int(10) NOT NULL AUTO_INCREMENT;
--
-- AUTO_INCREMENT for table `ospos_sales_suspended`
--
ALTER TABLE `ospos_sales_suspended`
  MODIFY `sale_id` int(10) NOT NULL AUTO_INCREMENT;
--
-- AUTO_INCREMENT for table `ospos_stock_locations`
--
ALTER TABLE `ospos_stock_locations`
  MODIFY `location_id` int(11) NOT NULL AUTO_INCREMENT, AUTO_INCREMENT=2;
--
-- Constraints for dumped tables
--

--
-- Constraints for table `ospos_customers`
--
ALTER TABLE `ospos_customers`
  ADD CONSTRAINT `ospos_customers_ibfk_1` FOREIGN KEY (`person_id`) REFERENCES `ospos_people` (`person_id`);

--
-- Constraints for table `ospos_employees`
--
ALTER TABLE `ospos_employees`
  ADD CONSTRAINT `ospos_employees_ibfk_1` FOREIGN KEY (`person_id`) REFERENCES `ospos_people` (`person_id`);

--
-- Constraints for table `ospos_giftcards`
--
ALTER TABLE `ospos_giftcards`
  ADD CONSTRAINT `ospos_giftcards_ibfk_1` FOREIGN KEY (`person_id`) REFERENCES `ospos_people` (`person_id`);

--
-- Constraints for table `ospos_grants`
--
ALTER TABLE `ospos_grants`
  ADD CONSTRAINT `ospos_grants_ibfk_1` FOREIGN KEY (`permission_id`) REFERENCES `ospos_permissions` (`permission_id`) ON DELETE CASCADE,
  ADD CONSTRAINT `ospos_grants_ibfk_2` FOREIGN KEY (`person_id`) REFERENCES `ospos_employees` (`person_id`) ON DELETE CASCADE;

--
-- Constraints for table `ospos_inventory`
--
ALTER TABLE `ospos_inventory`
  ADD CONSTRAINT `ospos_inventory_ibfk_1` FOREIGN KEY (`trans_items`) REFERENCES `ospos_items` (`item_id`),
  ADD CONSTRAINT `ospos_inventory_ibfk_2` FOREIGN KEY (`trans_user`) REFERENCES `ospos_employees` (`person_id`),
  ADD CONSTRAINT `ospos_inventory_ibfk_3` FOREIGN KEY (`trans_location`) REFERENCES `ospos_stock_locations` (`location_id`);

--
-- Constraints for table `ospos_items`
--
ALTER TABLE `ospos_items`
  ADD CONSTRAINT `ospos_items_ibfk_1` FOREIGN KEY (`supplier_id`) REFERENCES `ospos_suppliers` (`person_id`);

--
-- Constraints for table `ospos_items_taxes`
--
ALTER TABLE `ospos_items_taxes`
  ADD CONSTRAINT `ospos_items_taxes_ibfk_1` FOREIGN KEY (`item_id`) REFERENCES `ospos_items` (`item_id`) ON DELETE CASCADE;

--
-- Constraints for table `ospos_item_kit_items`
--
ALTER TABLE `ospos_item_kit_items`
  ADD CONSTRAINT `ospos_item_kit_items_ibfk_1` FOREIGN KEY (`item_kit_id`) REFERENCES `ospos_item_kits` (`item_kit_id`) ON DELETE CASCADE,
  ADD CONSTRAINT `ospos_item_kit_items_ibfk_2` FOREIGN KEY (`item_id`) REFERENCES `ospos_items` (`item_id`) ON DELETE CASCADE;

--
-- Constraints for table `ospos_item_quantities`
--
ALTER TABLE `ospos_item_quantities`
  ADD CONSTRAINT `ospos_item_quantities_ibfk_1` FOREIGN KEY (`item_id`) REFERENCES `ospos_items` (`item_id`),
  ADD CONSTRAINT `ospos_item_quantities_ibfk_2` FOREIGN KEY (`location_id`) REFERENCES `ospos_stock_locations` (`location_id`);

--
-- Constraints for table `ospos_permissions`
--
ALTER TABLE `ospos_permissions`
  ADD CONSTRAINT `ospos_permissions_ibfk_1` FOREIGN KEY (`module_id`) REFERENCES `ospos_modules` (`module_id`) ON DELETE CASCADE,
  ADD CONSTRAINT `ospos_permissions_ibfk_2` FOREIGN KEY (`location_id`) REFERENCES `ospos_stock_locations` (`location_id`) ON DELETE CASCADE;

--
-- Constraints for table `ospos_receivings`
--
ALTER TABLE `ospos_receivings`
  ADD CONSTRAINT `ospos_receivings_ibfk_1` FOREIGN KEY (`employee_id`) REFERENCES `ospos_employees` (`person_id`),
  ADD CONSTRAINT `ospos_receivings_ibfk_2` FOREIGN KEY (`supplier_id`) REFERENCES `ospos_suppliers` (`person_id`);

--
-- Constraints for table `ospos_receivings_items`
--
ALTER TABLE `ospos_receivings_items`
  ADD CONSTRAINT `ospos_receivings_items_ibfk_1` FOREIGN KEY (`item_id`) REFERENCES `ospos_items` (`item_id`),
  ADD CONSTRAINT `ospos_receivings_items_ibfk_2` FOREIGN KEY (`receiving_id`) REFERENCES `ospos_receivings` (`receiving_id`);

--
-- Constraints for table `ospos_sales`
--
ALTER TABLE `ospos_sales`
  ADD CONSTRAINT `ospos_sales_ibfk_1` FOREIGN KEY (`employee_id`) REFERENCES `ospos_employees` (`person_id`),
  ADD CONSTRAINT `ospos_sales_ibfk_2` FOREIGN KEY (`customer_id`) REFERENCES `ospos_customers` (`person_id`);

--
-- Constraints for table `ospos_sales_items`
--
ALTER TABLE `ospos_sales_items`
  ADD CONSTRAINT `ospos_sales_items_ibfk_1` FOREIGN KEY (`item_id`) REFERENCES `ospos_items` (`item_id`),
  ADD CONSTRAINT `ospos_sales_items_ibfk_2` FOREIGN KEY (`sale_id`) REFERENCES `ospos_sales` (`sale_id`),
  ADD CONSTRAINT `ospos_sales_items_ibfk_3` FOREIGN KEY (`item_location`) REFERENCES `ospos_stock_locations` (`location_id`);

--
-- Constraints for table `ospos_sales_items_taxes`
--
ALTER TABLE `ospos_sales_items_taxes`
  ADD CONSTRAINT `ospos_sales_items_taxes_ibfk_1` FOREIGN KEY (`sale_id`) REFERENCES `ospos_sales_items` (`sale_id`),
  ADD CONSTRAINT `ospos_sales_items_taxes_ibfk_2` FOREIGN KEY (`item_id`) REFERENCES `ospos_items` (`item_id`);

--
-- Constraints for table `ospos_sales_payments`
--
ALTER TABLE `ospos_sales_payments`
  ADD CONSTRAINT `ospos_sales_payments_ibfk_1` FOREIGN KEY (`sale_id`) REFERENCES `ospos_sales` (`sale_id`);

--
-- Constraints for table `ospos_sales_suspended`
--
ALTER TABLE `ospos_sales_suspended`
  ADD CONSTRAINT `ospos_sales_suspended_ibfk_1` FOREIGN KEY (`employee_id`) REFERENCES `ospos_employees` (`person_id`),
  ADD CONSTRAINT `ospos_sales_suspended_ibfk_2` FOREIGN KEY (`customer_id`) REFERENCES `ospos_customers` (`person_id`);

--
-- Constraints for table `ospos_sales_suspended_items`
--
ALTER TABLE `ospos_sales_suspended_items`
  ADD CONSTRAINT `ospos_sales_suspended_items_ibfk_1` FOREIGN KEY (`item_id`) REFERENCES `ospos_items` (`item_id`),
  ADD CONSTRAINT `ospos_sales_suspended_items_ibfk_2` FOREIGN KEY (`sale_id`) REFERENCES `ospos_sales_suspended` (`sale_id`),
  ADD CONSTRAINT `ospos_sales_suspended_items_ibfk_3` FOREIGN KEY (`item_location`) REFERENCES `ospos_stock_locations` (`location_id`);

--
-- Constraints for table `ospos_sales_suspended_items_taxes`
--
ALTER TABLE `ospos_sales_suspended_items_taxes`
  ADD CONSTRAINT `ospos_sales_suspended_items_taxes_ibfk_1` FOREIGN KEY (`sale_id`) REFERENCES `ospos_sales_suspended_items` (`sale_id`),
  ADD CONSTRAINT `ospos_sales_suspended_items_taxes_ibfk_2` FOREIGN KEY (`item_id`) REFERENCES `ospos_items` (`item_id`);

--
-- Constraints for table `ospos_sales_suspended_payments`
--
ALTER TABLE `ospos_sales_suspended_payments`
  ADD CONSTRAINT `ospos_sales_suspended_payments_ibfk_1` FOREIGN KEY (`sale_id`) REFERENCES `ospos_sales_suspended` (`sale_id`);

--
-- Constraints for table `ospos_suppliers`
--
ALTER TABLE `ospos_suppliers`
  ADD CONSTRAINT `ospos_suppliers_ibfk_1` FOREIGN KEY (`person_id`) REFERENCES `ospos_people` (`person_id`);

/*!40101 SET CHARACTER_SET_CLIENT=@OLD_CHARACTER_SET_CLIENT */;
/*!40101 SET CHARACTER_SET_RESULTS=@OLD_CHARACTER_SET_RESULTS */;
/*!40101 SET COLLATION_CONNECTION=@OLD_COLLATION_CONNECTION */;
